{"1334891170": {"coins": 16, "last_tap": 1744054603.949018, "last_daily": 1744038254.5726573, "username": "Shivam290704"}, "5710451950": {"coins": 46, "last_tap": 1744050612.4135728, "last_daily": 1744038853.1790128}}